{"fine": {"micro_auprc": 0.732747794782529, "micro_f1": 0.6185873605947956, "macro_auprc": 0.5245790233574581, "class_auprc": {"engine": 0.6451345992170708, "machinery-impact": 0.5044753445334218, "non-machinery-impact": 0.44699687079919237, "powered-saw": 0.5153245680991896, "alert-signal": 0.8216649672136981, "music": 0.30422093048705173, "human-voice": 0.9074674241587014, "dog": 0.05134748235133917}}, "coarse": {"micro_auprc": 0.8380200355164029, "micro_f1": 0.6784, "macro_auprc": 0.6343873127905716, "class_auprc": {"engine": 0.8183683262753676, "machinery-impact": 0.654499910557515, "non-machinery-impact": 0.44699687079919237, "powered-saw": 0.7880665884461722, "alert-signal": 0.881504981052198, "music": 0.4637734992334237, "human-voice": 0.9705408436093645, "dog": 0.05134748235133917}}}