{"fine": {"micro_auprc": 0.0, "micro_f1": 0.0, "macro_auprc": 0.0, "class_auprc": {"engine": 0.0, "machinery-impact": 0.0, "non-machinery-impact": 0.0, "powered-saw": 0.0, "alert-signal": 0.0, "music": 0.0, "human-voice": 0.0, "dog": 0.0}}, "coarse": {"micro_auprc": 0.8350133740877486, "micro_f1": 0.737138830162086, "macro_auprc": 0.633126805878302, "class_auprc": {"engine": 0.8493210668016937, "machinery-impact": 0.6069719987244809, "non-machinery-impact": 0.41926869121180027, "powered-saw": 0.7174264291062546, "alert-signal": 0.8519027947477181, "music": 0.6080069953707669, "human-voice": 0.9596150470552346, "dog": 0.05250142400846626}}}